Time Stamp,ID,Extended,Dir,Bus,LEN,D1,D2,D3,D4,D5,D6,D7,D8
64855239,000005FE,false,Rx,0,8,38,00,00,00,00,00,00,00,
64989935,0000073D,false,Rx,0,8,38,00,00,00,00,00,00,00,
64999912,0000073D,false,Rx,0,8,38,00,00,00,00,00,00,00,
65009961,0000073D,false,Rx,0,8,38,00,00,00,00,00,00,00,
65019933,0000073D,false,Rx,0,8,38,00,00,00,00,00,00,00,
65029902,0000073D,false,Rx,0,8,38,00,00,00,00,00,00,00,
65039953,0000073D,false,Rx,0,8,38,00,00,00,00,00,00,00,
65049948,0000073D,false,Rx,0,8,38,00,00,00,00,00,00,00,
65059958,0000073D,false,Rx,0,8,38,00,00,00,00,00,00,00,
65069961,0000073D,false,Rx,0,8,38,00,00,00,00,00,00,00,
65079866,0000031E,false,Rx,0,8,38,00,00,00,00,00,00,00,
65079984,0000041D,false,Rx,0,1,31,00,00,00,00,00,00,00,
65080266,0000021D,false,Rx,0,8,38,00,00,00,00,00,00,00,
65080384,0000077D,false,Rx,0,3,33,00,00,00,00,00,00,00,
65080671,0000025D,false,Rx,0,8,38,00,00,00,00,00,00,00,
65080788,000007DD,false,Rx,0,1,31,00,00,00,00,00,00,00,
65080905,0000023D,false,Rx,0,4,34,00,00,00,00,00,00,00,
65081185,0000073D,false,Rx,0,8,38,00,00,00,00,00,00,00,
65081386,0000027D,false,Rx,0,8,38,00,00,00,00,00,00,00,
65081593,0000029D,false,Rx,0,4,34,00,00,00,00,00,00,00,
65081791,000002BD,false,Rx,0,4,34,00,00,00,00,00,00,00,
65088065,0000050E,false,Rx,0,8,38,00,00,00,00,00,00,00,
65089909,0000073D,false,Rx,0,8,38,00,00,00,00,00,00,00,
65099971,0000073D,false,Rx,0,8,38,00,00,00,00,00,00,00,
65109939,0000073D,false,Rx,0,8,38,00,00,00,00,00,00,00,
65119936,0000073D,false,Rx,0,8,38,00,00,00,00,00,00,00,
65129912,0000073D,false,Rx,0,8,38,00,00,00,00,00,00,00,
65139963,0000073D,false,Rx,0,8,38,00,00,00,00,00,00,00,
65149952,0000073D,false,Rx,0,8,38,00,00,00,00,00,00,00,
65159966,0000073D,false,Rx,0,8,38,00,00,00,00,00,00,00,
65169933,0000073D,false,Rx,0,8,38,00,00,00,00,00,00,00,
65180005,0000031E,false,Rx,0,8,38,00,00,00,00,00,00,00,
65180122,0000041D,false,Rx,0,1,31,00,00,00,00,00,00,00,
65180404,0000021D,false,Rx,0,8,38,00,00,00,00,00,00,00,
65180530,0000077D,false,Rx,0,3,33,00,00,00,00,00,00,00,
65180810,0000025D,false,Rx,0,8,38,00,00,00,00,00,00,00,
65180927,000007DD,false,Rx,0,1,31,00,00,00,00,00,00,00,
65181044,0000023D,false,Rx,0,4,34,00,00,00,00,00,00,00,
65181326,0000073D,false,Rx,0,8,38,00,00,00,00,00,00,00,
65181614,0000027D,false,Rx,0,8,38,00,00,00,00,00,00,00,
65181732,0000029D,false,Rx,0,4,34,00,00,00,00,00,00,00,
65181931,000002BD,false,Rx,0,4,34,00,00,00,00,00,00,00,
65190187,0000073D,false,Rx,0,8,38,00,00,00,00,00,00,00,
65199936,0000073D,false,Rx,0,8,38,00,00,00,00,00,00,00,
65209902,0000073D,false,Rx,0,8,38,00,00,00,00,00,00,00,
65219952,0000073D,false,Rx,0,8,38,00,00,00,00,00,00,00,
65229917,0000073D,false,Rx,0,8,38,00,00,00,00,00,00,00,
65239968,0000073D,false,Rx,0,8,38,00,00,00,00,00,00,00,
65249963,0000073D,false,Rx,0,8,38,00,00,00,00,00,00,00,
65259930,0000073D,false,Rx,0,8,38,00,00,00,00,00,00,00,
65269944,0000073D,false,Rx,0,8,38,00,00,00,00,00,00,00,
65279881,0000075D,false,Rx,0,8,38,00,00,00,00,00,00,00,
65280080,0000021D,false,Rx,0,8,38,00,00,00,00,00,00,00,
65280280,0000041D,false,Rx,0,1,31,00,00,00,00,00,00,00,
65280486,0000025D,false,Rx,0,8,38,00,00,00,00,00,00,00,
65280604,0000077D,false,Rx,0,3,33,00,00,00,00,00,00,00,
65280803,0000023D,false,Rx,0,4,34,00,00,00,00,00,00,00,
65280919,000007DD,false,Rx,0,1,31,00,00,00,00,00,00,00,
65281199,0000027D,false,Rx,0,8,38,00,00,00,00,00,00,00,
65281400,0000073D,false,Rx,0,8,38,00,00,00,00,00,00,00,
65281608,0000029D,false,Rx,0,4,34,00,00,00,00,00,00,00,
65281807,000002BD,false,Rx,0,4,34,00,00,00,00,00,00,00,
65290211,0000073D,false,Rx,0,8,38,00,00,00,00,00,00,00,
65300196,0000073D,false,Rx,0,8,38,00,00,00,00,00,00,00,
65309917,0000073D,false,Rx,0,8,38,00,00,00,00,00,00,00,
65319916,0000073D,false,Rx,0,8,38,00,00,00,00,00,00,00,
65329968,0000073D,false,Rx,0,8,38,00,00,00,00,00,00,00,
65339943,0000073D,false,Rx,0,8,38,00,00,00,00,00,00,00,
65349936,0000073D,false,Rx,0,8,38,00,00,00,00,00,00,00,
65359918,0000073D,false,Rx,0,8,38,00,00,00,00,00,00,00,
65369930,0000073D,false,Rx,0,8,38,00,00,00,00,00,00,00,
65379696,0000041D,false,Rx,0,1,31,00,00,00,00,00,00,00,
65379977,0000021D,false,Rx,0,8,38,00,00,00,00,00,00,00,
65380174,0000077D,false,Rx,0,3,33,00,00,00,00,00,00,00,
65380374,0000025D,false,Rx,0,8,38,00,00,00,00,00,00,00,
65380493,000007DD,false,Rx,0,1,31,00,00,00,00,00,00,00,
65380692,0000023D,false,Rx,0,4,34,00,00,00,00,00,00,00,
65380890,0000073D,false,Rx,0,8,38,00,00,00,00,00,00,00,
65381171,0000027D,false,Rx,0,8,38,00,00,00,00,00,00,00,
65381373,0000029D,false,Rx,0,4,34,00,00,00,00,00,00,00,
65381498,000002BD,false,Rx,0,4,34,00,00,00,00,00,00,00,
65390231,0000073D,false,Rx,0,8,38,00,00,00,00,00,00,00,
65399941,0000073D,false,Rx,0,8,38,00,00,00,00,00,00,00,
65409909,0000073D,false,Rx,0,8,38,00,00,00,00,00,00,00,
65419958,0000073D,false,Rx,0,8,38,00,00,00,00,00,00,00,
65429927,0000073D,false,Rx,0,8,38,00,00,00,00,00,00,00,
65439979,0000073D,false,Rx,0,8,38,00,00,00,00,00,00,00,
65449972,0000073D,false,Rx,0,8,38,00,00,00,00,00,00,00,
65459938,0000073D,false,Rx,0,8,38,00,00,00,00,00,00,00,
65469954,0000073D,false,Rx,0,8,38,00,00,00,00,00,00,00,
65479867,0000075D,false,Rx,0,8,38,00,00,00,00,00,00,00,
65480148,0000021D,false,Rx,0,8,38,00,00,00,00,00,00,00,
65480267,0000041D,false,Rx,0,1,31,00,00,00,00,00,00,00,
65480472,0000025D,false,Rx,0,8,38,00,00,00,00,00,00,00,
65480589,0000077D,false,Rx,0,3,33,00,00,00,00,00,00,00,
65480787,0000023D,false,Rx,0,4,34,00,00,00,00,00,00,00,
65480903,000007DD,false,Rx,0,1,31,00,00,00,00,00,00,00,
65481184,0000027D,false,Rx,0,8,38,00,00,00,00,00,00,00,
65481387,0000073D,false,Rx,0,8,38,00,00,00,00,00,00,00,
65481594,0000029D,false,Rx,0,4,34,00,00,00,00,00,00,00,
65481792,000002BD,false,Rx,0,4,34,00,00,00,00,00,00,00,
65489952,0000073D,false,Rx,0,8,38,00,00,00,00,00,00,00,
65499942,0000073D,false,Rx,0,8,38,00,00,00,00,00,00,00,
65509991,0000073D,false,Rx,0,8,38,00,00,00,00,00,00,00,
65519958,0000073D,false,Rx,0,8,38,00,00,00,00,00,00,00,
65529921,0000073D,false,Rx,0,8,38,00,00,00,00,00,00,00,
65539972,0000073D,false,Rx,0,8,38,00,00,00,00,00,00,00,
65540913,0000050E,false,Rx,0,8,38,00,00,00,00,00,00,00,
65549924,0000073D,false,Rx,0,8,38,00,00,00,00,00,00,00,
65559990,0000073D,false,Rx,0,8,38,00,00,00,00,00,00,00,
65569935,0000073D,false,Rx,0,8,38,00,00,00,00,00,00,00,
65579779,0000041D,false,Rx,0,1,31,00,00,00,00,00,00,00,
65579977,0000021D,false,Rx,0,8,38,00,00,00,00,00,00,00,
65580176,0000077D,false,Rx,0,3,33,00,00,00,00,00,00,00,
65580378,0000025D,false,Rx,0,8,38,00,00,00,00,00,00,00,
65580503,000007DD,false,Rx,0,1,31,00,00,00,00,00,00,00,
65580702,0000023D,false,Rx,0,4,34,00,00,00,00,00,00,00,
65580901,0000073D,false,Rx,0,8,38,00,00,00,00,00,00,00,
65581182,0000027D,false,Rx,0,8,38,00,00,00,00,00,00,00,
65581386,0000029D,false,Rx,0,4,34,00,00,00,00,00,00,00,
65581511,000002BD,false,Rx,0,4,34,00,00,00,00,00,00,00,
65589916,0000073D,false,Rx,0,8,38,00,00,00,00,00,00,00,
65599994,0000073D,false,Rx,0,8,38,00,00,00,00,00,00,00,
65609957,0000073D,false,Rx,0,8,38,00,00,00,00,00,00,00,
65620002,0000073D,false,Rx,0,8,38,00,00,00,00,00,00,00,
65629987,0000073D,false,Rx,0,8,38,00,00,00,00,00,00,00,
65639952,0000073D,false,Rx,0,8,38,00,00,00,00,00,00,00,
65649951,0000073D,false,Rx,0,8,38,00,00,00,00,00,00,00,
65660002,0000073D,false,Rx,0,8,38,00,00,00,00,00,00,00,
65669972,0000073D,false,Rx,0,8,38,00,00,00,00,00,00,00,
65679918,0000075D,false,Rx,0,8,38,00,00,00,00,00,00,00,
65680118,0000021D,false,Rx,0,8,38,00,00,00,00,00,00,00,
65680235,0000041D,false,Rx,0,1,31,00,00,00,00,00,00,00,
65680523,0000025D,false,Rx,0,8,38,00,00,00,00,00,00,00,
65680641,0000077D,false,Rx,0,3,33,00,00,00,00,00,00,00,
65680840,0000023D,false,Rx,0,4,34,00,00,00,00,00,00,00,
65680957,000007DD,false,Rx,0,1,31,00,00,00,00,00,00,00,
65681156,0000027D,false,Rx,0,8,38,00,00,00,00,00,00,00,
65681437,0000073D,false,Rx,0,8,38,00,00,00,00,00,00,00,
65681561,0000029D,false,Rx,0,4,34,00,00,00,00,00,00,00,
65681760,000002BD,false,Rx,0,4,34,00,00,00,00,00,00,00,
65690003,0000073D,false,Rx,0,8,38,00,00,00,00,00,00,00,
65700369,0000073D,false,Rx,0,8,38,00,00,00,00,00,00,00,
65709933,0000073D,false,Rx,0,8,38,00,00,00,00,00,00,00,
65719984,0000073D,false,Rx,0,8,38,00,00,00,00,00,00,00,
65729952,0000073D,false,Rx,0,8,38,00,00,00,00,00,00,00,
65740008,0000073D,false,Rx,0,8,38,00,00,00,00,00,00,00,
65749980,0000073D,false,Rx,0,8,38,00,00,00,00,00,00,00,
65759986,0000073D,false,Rx,0,8,38,00,00,00,00,00,00,00,
65769952,0000073D,false,Rx,0,8,38,00,00,00,00,00,00,00,
65779738,0000041D,false,Rx,0,1,31,00,00,00,00,00,00,00,
65780018,0000021D,false,Rx,0,8,38,00,00,00,00,00,00,00,
65780135,0000077D,false,Rx,0,3,33,00,00,00,00,00,00,00,
65780417,0000025D,false,Rx,0,8,38,00,00,00,00,00,00,00,
65780536,000007DD,false,Rx,0,1,31,00,00,00,00,00,00,00,
65780653,0000023D,false,Rx,0,4,34,00,00,00,00,00,00,00,
65780933,0000073D,false,Rx,0,8,38,00,00,00,00,00,00,00,
65781214,0000027D,false,Rx,0,8,38,00,00,00,00,00,00,00,
65781333,0000029D,false,Rx,0,4,34,00,00,00,00,00,00,00,
65781539,000002BD,false,Rx,0,4,34,00,00,00,00,00,00,00,
65789944,0000073D,false,Rx,0,8,38,00,00,00,00,00,00,00,
65799993,0000073D,false,Rx,0,8,38,00,00,00,00,00,00,00,
65809944,0000073D,false,Rx,0,8,38,00,00,00,00,00,00,00,
65819944,0000073D,false,Rx,0,8,38,00,00,00,00,00,00,00,
65829999,0000073D,false,Rx,0,8,38,00,00,00,00,00,00,00,
65839972,0000073D,false,Rx,0,8,38,00,00,00,00,00,00,00,
65849937,0000073D,false,Rx,0,8,38,00,00,00,00,00,00,00,
65860013,0000073D,false,Rx,0,8,38,00,00,00,00,00,00,00,
65869983,0000073D,false,Rx,0,8,38,00,00,00,00,00,00,00,
65879866,0000075D,false,Rx,0,8,38,00,00,00,00,00,00,00,
65880147,0000021D,false,Rx,0,8,38,00,00,00,00,00,00,00,
65880266,0000041D,false,Rx,0,1,31,00,00,00,00,00,00,00,
65880464,0000025D,false,Rx,0,8,38,00,00,00,00,00,00,00,
65880671,0000077D,false,Rx,0,3,33,00,00,00,00,00,00,00,
65880788,0000023D,false,Rx,0,4,34,00,00,00,00,00,00,00,
65880905,000007DD,false,Rx,0,1,31,00,00,00,00,00,00,00,
65881185,0000027D,false,Rx,0,8,38,00,00,00,00,00,00,00,
65881385,0000073D,false,Rx,0,8,38,00,00,00,00,00,00,00,
65881593,0000029D,false,Rx,0,4,34,00,00,00,00,00,00,00,
65881791,000002BD,false,Rx,0,4,34,00,00,00,00,00,00,00,
65889984,0000073D,false,Rx,0,8,38,00,00,00,00,00,00,00,
65900033,0000073D,false,Rx,0,8,38,00,00,00,00,00,00,00,
65910029,0000073D,false,Rx,0,8,38,00,00,00,00,00,00,00,
65919994,0000073D,false,Rx,0,8,38,00,00,00,00,00,00,00,
65929962,0000073D,false,Rx,0,8,38,00,00,00,00,00,00,00,
65940014,0000073D,false,Rx,0,8,38,00,00,00,00,00,00,00,
65949984,0000073D,false,Rx,0,8,38,00,00,00,00,00,00,00,
65959990,0000073D,false,Rx,0,8,38,00,00,00,00,00,00,00,
65969957,0000073D,false,Rx,0,8,38,00,00,00,00,00,00,00,
65979805,0000041D,false,Rx,0,1,31,00,00,00,00,00,00,00,
65980003,0000021D,false,Rx,0,8,38,00,00,00,00,00,00,00,
65980202,0000077D,false,Rx,0,3,33,00,00,00,00,00,00,00,
65980403,0000025D,false,Rx,0,8,38,00,00,00,00,00,00,00,
65980528,000007DD,false,Rx,0,1,31,00,00,00,00,00,00,00,
65980726,0000023D,false,Rx,0,4,34,00,00,00,00,00,00,00,
65980924,0000073D,false,Rx,0,8,38,00,00,00,00,00,00,00,
65981205,0000027D,false,Rx,0,8,38,00,00,00,00,00,00,00,
65981406,0000029D,false,Rx,0,4,34,00,00,00,00,00,00,00,
65981531,000002BD,false,Rx,0,4,34,00,00,00,00,00,00,00,
65990191,0000073D,false,Rx,0,8,38,00,00,00,00,00,00,00,
65999999,0000073D,false,Rx,0,8,38,00,00,00,00,00,00,00,
66010032,0000073D,false,Rx,0,8,38,00,00,00,00,00,00,00,
66019998,0000073D,false,Rx,0,8,38,00,00,00,00,00,00,00,
66029967,0000073D,false,Rx,0,8,38,00,00,00,00,00,00,00,
66040023,0000073D,false,Rx,0,8,38,00,00,00,00,00,00,00,
66049988,0000073D,false,Rx,0,8,38,00,00,00,00,00,00,00,
66059980,0000073D,false,Rx,0,8,38,00,00,00,00,00,00,00,
66069975,0000073D,false,Rx,0,8,38,00,00,00,00,00,00,00,
66079886,0000075D,false,Rx,0,8,38,00,00,00,00,00,00,00,
66080167,0000031E,false,Rx,0,8,38,00,00,00,00,00,00,00,
66080286,0000041D,false,Rx,0,1,31,00,00,00,00,00,00,00,
66080486,0000021D,false,Rx,0,8,38,00,00,00,00,00,00,00,
66080699,0000077D,false,Rx,0,3,33,00,00,00,00,00,00,00,
66080912,0000025D,false,Rx,0,8,38,00,00,00,00,00,00,00,
66081030,000007DD,false,Rx,0,1,31,00,00,00,00,00,00,00,
66081228,0000023D,false,Rx,0,4,34,00,00,00,00,00,00,00,
66081429,0000073D,false,Rx,0,8,38,00,00,00,00,00,00,00,
66081718,0000027D,false,Rx,0,8,38,00,00,00,00,00,00,00,
66081917,0000029D,false,Rx,0,4,34,00,00,00,00,00,00,00,
66082034,000002BD,false,Rx,0,4,34,00,00,00,00,00,00,00,
66089962,0000073D,false,Rx,0,8,38,00,00,00,00,00,00,00,
66090984,0000050E,false,Rx,0,8,38,00,00,00,00,00,00,00,
66091266,0000050E,false,Rx,0,8,38,00,00,00,00,00,00,00,
66091548,0000050E,false,Rx,0,8,38,00,00,00,00,00,00,00,
66091747,0000050E,false,Rx,0,8,38,00,00,00,00,00,00,00,
66092027,0000050E,false,Rx,0,8,38,00,00,00,00,00,00,00,
66100029,0000073D,false,Rx,0,8,38,00,00,00,00,00,00,00,
66110032,0000073D,false,Rx,0,8,38,00,00,00,00,00,00,00,
66120003,0000073D,false,Rx,0,8,38,00,00,00,00,00,00,00,
66129971,0000073D,false,Rx,0,8,38,00,00,00,00,00,00,00,
66139968,0000073D,false,Rx,0,8,38,00,00,00,00,00,00,00,
66150020,0000073D,false,Rx,0,8,38,00,00,00,00,00,00,00,
66160032,0000073D,false,Rx,0,8,38,00,00,00,00,00,00,00,
66169999,0000073D,false,Rx,0,8,38,00,00,00,00,00,00,00,
66179912,0000031E,false,Rx,0,8,38,00,00,00,00,00,00,00,
66180030,0000041D,false,Rx,0,1,31,00,00,00,00,00,00,00,
66180228,0000021D,false,Rx,0,8,38,00,00,00,00,00,00,00,
66180429,0000077D,false,Rx,0,3,33,00,00,00,00,00,00,00,
66180636,0000025D,false,Rx,0,8,38,00,00,00,00,00,00,00,
66180753,000007DD,false,Rx,0,1,31,00,00,00,00,00,00,00,
66180952,0000023D,false,Rx,0,4,34,00,00,00,00,00,00,00,
66181151,0000073D,false,Rx,0,8,38,00,00,00,00,00,00,00,
66181433,0000027D,false,Rx,0,8,38,00,00,00,00,00,00,00,
66181640,0000029D,false,Rx,0,4,34,00,00,00,00,00,00,00,
66181839,000002BD,false,Rx,0,4,34,00,00,00,00,00,00,00,
66190043,0000073D,false,Rx,0,8,38,00,00,00,00,00,00,00,
66200014,0000073D,false,Rx,0,8,38,00,00,00,00,00,00,00,
66209999,0000073D,false,Rx,0,8,38,00,00,00,00,00,00,00,
66220048,0000073D,false,Rx,0,8,38,00,00,00,00,00,00,00,
66230014,0000073D,false,Rx,0,8,38,00,00,00,00,00,00,00,
66239984,0000073D,false,Rx,0,8,38,00,00,00,00,00,00,00,
66250036,0000073D,false,Rx,0,8,38,00,00,00,00,00,00,00,
66260027,0000073D,false,Rx,0,8,38,00,00,00,00,00,00,00,
66269999,0000073D,false,Rx,0,8,38,00,00,00,00,00,00,00,
66279936,0000075D,false,Rx,0,8,38,00,00,00,00,00,00,00,
66280135,0000021D,false,Rx,0,8,38,00,00,00,00,00,00,00,
66280254,0000041D,false,Rx,0,1,31,00,00,00,00,00,00,00,
66280535,0000025D,false,Rx,0,8,38,00,00,00,00,00,00,00,
66280653,0000077D,false,Rx,0,3,33,00,00,00,00,00,00,00,
66280851,0000023D,false,Rx,0,4,34,00,00,00,00,00,00,00,
66280969,000007DD,false,Rx,0,1,31,00,00,00,00,00,00,00,
66281254,0000027D,false,Rx,0,8,38,00,00,00,00,00,00,00,
66281461,0000073D,false,Rx,0,8,38,00,00,00,00,00,00,00,
66281660,0000029D,false,Rx,0,4,34,00,00,00,00,00,00,00,
66281778,000002BD,false,Rx,0,4,34,00,00,00,00,00,00,00,
66289978,0000073D,false,Rx,0,8,38,00,00,00,00,00,00,00,
66300025,0000073D,false,Rx,0,8,38,00,00,00,00,00,00,00,
66310312,0000073D,false,Rx,0,8,38,00,00,00,00,00,00,00,
66319981,0000073D,false,Rx,0,8,38,00,00,00,00,00,00,00,
66330029,0000073D,false,Rx,0,8,38,00,00,00,00,00,00,00,
66339999,0000073D,false,Rx,0,8,38,00,00,00,00,00,00,00,
66350049,0000073D,false,Rx,0,8,38,00,00,00,00,00,00,00,
66360033,0000073D,false,Rx,0,8,38,00,00,00,00,00,00,00,
66370025,0000073D,false,Rx,0,8,38,00,00,00,00,00,00,00,
66379769,0000041D,false,Rx,0,1,31,00,00,00,00,00,00,00,
66380050,0000021D,false,Rx,0,8,38,00,00,00,00,00,00,00,
66380167,0000077D,false,Rx,0,3,33,00,00,00,00,00,00,00,
66380457,0000025D,false,Rx,0,8,38,00,00,00,00,00,00,00,
66380573,000007DD,false,Rx,0,1,31,00,00,00,00,00,00,00,
66380690,0000023D,false,Rx,0,4,34,00,00,00,00,00,00,00,
66380970,0000073D,false,Rx,0,8,38,00,00,00,00,00,00,00,
66381169,0000027D,false,Rx,0,8,38,00,00,00,00,00,00,00,
66381370,0000029D,false,Rx,0,4,34,00,00,00,00,00,00,00,
66381577,000002BD,false,Rx,0,4,34,00,00,00,00,00,00,00,
66390029,0000073D,false,Rx,0,8,38,00,00,00,00,00,00,00,
66400024,0000073D,false,Rx,0,8,38,00,00,00,00,00,00,00,
66409993,0000073D,false,Rx,0,8,38,00,00,00,00,00,00,00,
66420025,0000073D,false,Rx,0,8,38,00,00,00,00,00,00,00,
66429994,0000073D,false,Rx,0,8,38,00,00,00,00,00,00,00,
66440044,0000073D,false,Rx,0,8,38,00,00,00,00,00,00,00,
66450010,0000073D,false,Rx,0,8,38,00,00,00,00,00,00,00,
66460059,0000073D,false,Rx,0,8,38,00,00,00,00,00,00,00,
66469972,0000073D,false,Rx,0,8,38,00,00,00,00,00,00,00,
66479883,0000053E,false,Rx,0,8,38,00,00,00,00,00,00,00,
66480164,0000033D,false,Rx,0,8,38,00,00,00,00,00,00,00,
66480283,0000041D,false,Rx,0,1,31,00,00,00,00,00,00,00,
66480489,0000037D,false,Rx,0,7,37,00,00,00,00,00,00,00,
66480688,0000075D,false,Rx,0,8,38,00,00,00,00,00,00,00,
66480969,0000021D,false,Rx,0,8,38,00,00,00,00,00,00,00,
66481167,0000077D,false,Rx,0,3,33,00,00,00,00,00,00,00,
66481368,0000025D,false,Rx,0,8,38,00,00,00,00,00,00,00,
66481493,000007DD,false,Rx,0,1,31,00,00,00,00,00,00,00,
66481610,0000023D,false,Rx,0,4,34,00,00,00,00,00,00,00,
66481891,0000073D,false,Rx,0,8,38,00,00,00,00,00,00,00,
66482171,0000027D,false,Rx,0,8,38,00,00,00,00,00,00,00,
66482292,0000029D,false,Rx,0,4,34,00,00,00,00,00,00,00,
66482492,000002BD,false,Rx,0,4,34,00,00,00,00,00,00,00,
66490018,0000073D,false,Rx,0,8,38,00,00,00,00,00,00,00,
66499998,0000073D,false,Rx,0,8,38,00,00,00,00,00,00,00,
66509967,0000073D,false,Rx,0,8,38,00,00,00,00,00,00,00,
66520053,0000073D,false,Rx,0,8,38,00,00,00,00,00,00,00,
66530020,0000073D,false,Rx,0,8,38,00,00,00,00,00,00,00,
66539988,0000073D,false,Rx,0,8,38,00,00,00,00,00,00,00,
66550034,0000073D,false,Rx,0,8,38,00,00,00,00,00,00,00,
66560025,0000073D,false,Rx,0,8,38,00,00,00,00,00,00,00,
66570044,0000073D,false,Rx,0,8,38,00,00,00,00,00,00,00,
66579794,0000041D,false,Rx,0,1,31,00,00,00,00,00,00,00,
66580075,0000021D,false,Rx,0,8,38,00,00,00,00,00,00,00,
66580193,0000077D,false,Rx,0,3,33,00,00,00,00,00,00,00,
66580393,0000025D,false,Rx,0,8,38,00,00,00,00,00,00,00,
66580519,000007DD,false,Rx,0,1,31,00,00,00,00,00,00,00,
66580717,0000023D,false,Rx,0,4,34,00,00,00,00,00,00,00,
66580996,0000073D,false,Rx,0,8,38,00,00,00,00,00,00,00,
66581196,0000027D,false,Rx,0,8,38,00,00,00,00,00,00,00,
66581396,0000029D,false,Rx,0,4,34,00,00,00,00,00,00,00,
66581603,000002BD,false,Rx,0,4,34,00,00,00,00,00,00,00,
66590011,0000073D,false,Rx,0,8,38,00,00,00,00,00,00,00,
66600011,0000073D,false,Rx,0,8,38,00,00,00,00,00,00,00,
66609992,0000073D,false,Rx,0,8,38,00,00,00,00,00,00,00,
66619987,0000073D,false,Rx,0,8,38,00,00,00,00,00,00,00,
66630034,0000073D,false,Rx,0,8,38,00,00,00,00,00,00,00,
66640009,0000073D,false,Rx,0,8,38,00,00,00,00,00,00,00,
66650059,0000073D,false,Rx,0,8,38,00,00,00,00,00,00,00,
66660058,0000073D,false,Rx,0,8,38,00,00,00,00,00,00,00,
66670053,0000073D,false,Rx,0,8,38,00,00,00,00,00,00,00,
66679963,0000075D,false,Rx,0,8,38,00,00,00,00,00,00,00,
66680162,0000021D,false,Rx,0,8,38,00,00,00,00,00,00,00,
66680277,0000041D,false,Rx,0,1,31,00,00,00,00,00,00,00,
66680564,0000025D,false,Rx,0,8,38,00,00,00,00,00,00,00,
66680682,0000077D,false,Rx,0,3,33,00,00,00,00,00,00,00,
66680881,0000023D,false,Rx,0,4,34,00,00,00,00,00,00,00,
66680998,000007DD,false,Rx,0,1,31,00,00,00,00,00,00,00,
66681197,0000027D,false,Rx,0,8,38,00,00,00,00,00,00,00,
66681486,0000073D,false,Rx,0,8,38,00,00,00,00,00,00,00,
66681685,0000029D,false,Rx,0,4,34,00,00,00,00,00,00,00,
66681802,000002BD,false,Rx,0,4,34,00,00,00,00,00,00,00,
66690044,0000073D,false,Rx,0,8,38,00,00,00,00,00,00,00,
66700047,0000073D,false,Rx,0,8,38,00,00,00,00,00,00,00,
66710018,0000073D,false,Rx,0,8,38,00,00,00,00,00,00,00,
66720014,0000073D,false,Rx,0,8,38,00,00,00,00,00,00,00,
66729983,0000073D,false,Rx,0,8,38,00,00,00,00,00,00,00,
66740034,0000073D,false,Rx,0,8,38,00,00,00,00,00,00,00,
66749999,0000073D,false,Rx,0,8,38,00,00,00,00,00,00,00,
66759985,0000073D,false,Rx,0,8,38,00,00,00,00,00,00,00,
66770057,0000073D,false,Rx,0,8,38,00,00,00,00,00,00,00,
66779802,0000041D,false,Rx,0,1,31,00,00,00,00,00,00,00,
66780083,0000021D,false,Rx,0,8,38,00,00,00,00,00,00,00,
66780200,0000077D,false,Rx,0,3,33,00,00,00,00,00,00,00,
66780401,0000025D,false,Rx,0,8,38,00,00,00,00,00,00,00,
66780527,000007DD,false,Rx,0,1,31,00,00,00,00,00,00,00,
66780724,0000023D,false,Rx,0,4,34,00,00,00,00,00,00,00,
66781005,0000073D,false,Rx,0,8,38,00,00,00,00,00,00,00,
66781204,0000027D,false,Rx,0,8,38,00,00,00,00,00,00,00,
66781405,0000029D,false,Rx,0,4,34,00,00,00,00,00,00,00,
66781612,000002BD,false,Rx,0,4,34,00,00,00,00,00,00,00,
66790023,0000073D,false,Rx,0,8,38,00,00,00,00,00,00,00,
66800034,0000073D,false,Rx,0,8,38,00,00,00,00,00,00,00,
66810007,0000073D,false,Rx,0,8,38,00,00,00,00,00,00,00,
66819987,0000073D,false,Rx,0,8,38,00,00,00,00,00,00,00,
66830039,0000073D,false,Rx,0,8,38,00,00,00,00,00,00,00,
66840010,0000073D,false,Rx,0,8,38,00,00,00,00,00,00,00,
66850060,0000073D,false,Rx,0,8,38,00,00,00,00,00,00,00,
66860030,0000073D,false,Rx,0,8,38,00,00,00,00,00,00,00,
66870025,0000073D,false,Rx,0,8,38,00,00,00,00,00,00,00,
66879936,0000075D,false,Rx,0,8,38,00,00,00,00,00,00,00,
66880217,0000021D,false,Rx,0,8,38,00,00,00,00,00,00,00,
66880336,0000041D,false,Rx,0,1,31,00,00,00,00,00,00,00,
66880543,0000025D,false,Rx,0,8,38,00,00,00,00,00,00,00,
66880660,0000077D,false,Rx,0,3,33,00,00,00,00,00,00,00,
66880859,0000023D,false,Rx,0,4,34,00,00,00,00,00,00,00,
66880976,000007DD,false,Rx,0,1,31,00,00,00,00,00,00,00,
66881260,0000027D,false,Rx,0,8,38,00,00,00,00,00,00,00,
66881466,0000073D,false,Rx,0,8,38,00,00,00,00,00,00,00,
66881665,0000029D,false,Rx,0,4,34,00,00,00,00,00,00,00,
66881864,000002BD,false,Rx,0,4,34,00,00,00,00,00,00,00,
66890030,0000073D,false,Rx,0,8,38,00,00,00,00,00,00,00,
66900033,0000073D,false,Rx,0,8,38,00,00,00,00,00,00,00,
66910032,0000073D,false,Rx,0,8,38,00,00,00,00,00,00,00,
66920022,0000073D,false,Rx,0,8,38,00,00,00,00,00,00,00,
66930075,0000073D,false,Rx,0,8,38,00,00,00,00,00,00,00,
66940044,0000073D,false,Rx,0,8,38,00,00,00,00,00,00,00,
66950013,0000073D,false,Rx,0,8,38,00,00,00,00,00,00,00,
66959996,0000073D,false,Rx,0,8,38,00,00,00,00,00,00,00,
66969989,0000073D,false,Rx,0,8,38,00,00,00,00,00,00,00,
66979821,0000041D,false,Rx,0,1,31,00,00,00,00,00,00,00,
66980101,0000021D,false,Rx,0,8,38,00,00,00,00,00,00,00,
66980219,0000077D,false,Rx,0,3,33,00,00,00,00,00,00,00,
66980418,0000025D,false,Rx,0,8,38,00,00,00,00,00,00,00,
66980544,000007DD,false,Rx,0,1,31,00,00,00,00,00,00,00,
66980742,0000023D,false,Rx,0,4,34,00,00,00,00,00,00,00,
66980940,0000073D,false,Rx,0,8,38,00,00,00,00,00,00,00,
66981220,0000027D,false,Rx,0,8,38,00,00,00,00,00,00,00,
66981421,0000029D,false,Rx,0,4,34,00,00,00,00,00,00,00,
66981628,000002BD,false,Rx,0,4,34,00,00,00,00,00,00,00,
66990283,0000073D,false,Rx,0,8,38,00,00,00,00,00,00,00,
67000254,0000073D,false,Rx,0,8,38,00,00,00,00,00,00,00,
67009999,0000073D,false,Rx,0,8,38,00,00,00,00,00,00,00,
67020762,0000073D,false,Rx,0,8,38,00,00,00,00,00,00,00,
67029995,0000073D,false,Rx,0,8,38,00,00,00,00,00,00,00,
67040044,0000073D,false,Rx,0,8,38,00,00,00,00,00,00,00,
67050009,0000073D,false,Rx,0,8,38,00,00,00,00,00,00,00,
67059978,0000073D,false,Rx,0,8,38,00,00,00,00,00,00,00,
67070053,0000073D,false,Rx,0,8,38,00,00,00,00,00,00,00,
67079912,0000075D,false,Rx,0,8,38,00,00,00,00,00,00,00,
67080192,0000031E,false,Rx,0,8,38,00,00,00,00,00,00,00,
67080308,0000041D,false,Rx,0,1,31,00,00,00,00,00,00,00,
67080514,0000021D,false,Rx,0,8,38,00,00,00,00,00,00,00,
67080713,0000077D,false,Rx,0,3,33,00,00,00,00,00,00,00,
67080911,0000025D,false,Rx,0,8,38,00,00,00,00,00,00,00,
67081028,000007DD,false,Rx,0,1,31,00,00,00,00,00,00,00,
67081227,0000023D,false,Rx,0,4,34,00,00,00,00,00,00,00,
67081428,0000073D,false,Rx,0,8,38,00,00,00,00,00,00,00,
67081716,0000027D,false,Rx,0,8,38,00,00,00,00,00,00,00,
67081915,0000029D,false,Rx,0,4,34,00,00,00,00,00,00,00,
67082113,000002BD,false,Rx,0,4,34,00,00,00,00,00,00,00,
67090032,0000073D,false,Rx,0,8,38,00,00,00,00,00,00,00,
67100002,0000073D,false,Rx,0,8,38,00,00,00,00,00,00,00,
67110010,0000073D,false,Rx,0,8,38,00,00,00,00,00,00,00,
67120060,0000073D,false,Rx,0,8,38,00,00,00,00,00,00,00,
67130008,0000073D,false,Rx,0,8,38,00,00,00,00,00,00,00,
67140059,0000073D,false,Rx,0,8,38,00,00,00,00,00,00,00,
67150025,0000073D,false,Rx,0,8,38,00,00,00,00,00,00,00,
67160010,0000073D,false,Rx,0,8,38,00,00,00,00,00,00,00,
67170002,0000073D,false,Rx,0,8,38,00,00,00,00,00,00,00,
67179936,0000031E,false,Rx,0,8,38,00,00,00,00,00,00,00,
67180054,0000041D,false,Rx,0,1,31,00,00,00,00,00,00,00,
67180339,0000021D,false,Rx,0,8,38,00,00,00,00,00,00,00,
67180464,0000077D,false,Rx,0,3,33,00,00,00,00,00,00,00,
67180663,0000025D,false,Rx,0,8,38,00,00,00,00,00,00,00,
67180779,000007DD,false,Rx,0,1,31,00,00,00,00,00,00,00,
67180977,0000023D,false,Rx,0,4,34,00,00,00,00,00,00,00,
67181259,0000073D,false,Rx,0,8,38,00,00,00,00,00,00,00,
67181466,0000027D,false,Rx,0,8,38,00,00,00,00,00,00,00,
67181665,0000029D,false,Rx,0,4,34,00,00,00,00,00,00,00,
67181863,000002BD,false,Rx,0,4,34,00,00,00,00,00,00,00,
67190024,0000073D,false,Rx,0,8,38,00,00,00,00,00,00,00,
67199994,0000073D,false,Rx,0,8,38,00,00,00,00,00,00,00,
67210068,0000073D,false,Rx,0,8,38,00,00,00,00,00,00,00,
67220036,0000073D,false,Rx,0,8,38,00,00,00,00,00,00,00,
67230044,0000073D,false,Rx,0,8,38,00,00,00,00,00,00,00,
67240013,0000073D,false,Rx,0,8,38,00,00,00,00,00,00,00,
67250064,0000073D,false,Rx,0,8,38,00,00,00,00,00,00,00,
67260030,0000073D,false,Rx,0,8,38,00,00,00,00,00,00,00,
67270002,0000073D,false,Rx,0,8,38,00,00,00,00,00,00,00,
67279963,0000075D,false,Rx,0,8,38,00,00,00,00,00,00,00,
67280162,0000021D,false,Rx,0,8,38,00,00,00,00,00,00,00,
67280283,0000041D,false,Rx,0,1,31,00,00,00,00,00,00,00,
67280570,0000025D,false,Rx,0,8,38,00,00,00,00,00,00,00,
67280687,0000077D,false,Rx,0,3,33,00,00,00,00,00,00,00,
67280886,0000023D,false,Rx,0,4,34,00,00,00,00,00,00,00,
67281003,000007DD,false,Rx,0,1,31,00,00,00,00,00,00,00,
67281285,0000027D,false,Rx,0,8,38,00,00,00,00,00,00,00,
67281492,0000073D,false,Rx,0,8,38,00,00,00,00,00,00,00,
67281609,0000029D,false,Rx,0,4,34,00,00,00,00,00,00,00,
67281807,000002BD,false,Rx,0,4,34,00,00,00,00,00,00,00,
67290049,0000073D,false,Rx,0,8,38,00,00,00,00,00,00,00,
67300018,0000073D,false,Rx,0,8,38,00,00,00,00,00,00,00,
67310021,0000073D,false,Rx,0,8,38,00,00,00,00,00,00,00,
67320036,0000073D,false,Rx,0,8,38,00,00,00,00,00,00,00,
67330063,0000073D,false,Rx,0,8,38,00,00,00,00,00,00,00,
67340029,0000073D,false,Rx,0,8,38,00,00,00,00,00,00,00,
67350002,0000073D,false,Rx,0,8,38,00,00,00,00,00,00,00,
67360065,0000073D,false,Rx,0,8,38,00,00,00,00,00,00,00,
67370033,0000073D,false,Rx,0,8,38,00,00,00,00,00,00,00,
67379805,0000041D,false,Rx,0,1,31,00,00,00,00,00,00,00,
67380086,0000021D,false,Rx,0,8,38,00,00,00,00,00,00,00,
67380203,0000077D,false,Rx,0,3,33,00,00,00,00,00,00,00,
67380493,0000025D,false,Rx,0,8,38,00,00,00,00,00,00,00,
67380611,000007DD,false,Rx,0,1,31,00,00,00,00,00,00,00,
67380727,0000023D,false,Rx,0,4,34,00,00,00,00,00,00,00,
67381007,0000073D,false,Rx,0,8,38,00,00,00,00,00,00,00,
67381289,0000027D,false,Rx,0,8,38,00,00,00,00,00,00,00,
67381407,0000029D,false,Rx,0,4,34,00,00,00,00,00,00,00,
67381613,000002BD,false,Rx,0,4,34,00,00,00,00,00,00,00,
67390020,0000073D,false,Rx,0,8,38,00,00,00,00,00,00,00,
67400071,0000073D,false,Rx,0,8,38,00,00,00,00,00,00,00,
67410039,0000073D,false,Rx,0,8,38,00,00,00,00,00,00,00,
67420066,0000073D,false,Rx,0,8,38,00,00,00,00,00,00,00,
67430025,0000073D,false,Rx,0,8,38,00,00,00,00,00,00,00,
67440075,0000073D,false,Rx,0,8,38,00,00,00,00,00,00,00,
67450038,0000073D,false,Rx,0,8,38,00,00,00,00,00,00,00,
67460005,0000073D,false,Rx,0,8,38,00,00,00,00,00,00,00,
67470059,0000073D,false,Rx,0,8,38,00,00,00,00,00,00,00,
67479914,0000053E,false,Rx,0,8,38,00,00,00,00,00,00,00,
67480194,0000033D,false,Rx,0,8,38,00,00,00,00,00,00,00,
67480317,0000041D,false,Rx,0,1,31,00,00,00,00,00,00,00,
67480523,0000037D,false,Rx,0,7,37,00,00,00,00,00,00,00,
67480802,0000075D,false,Rx,0,8,38,00,00,00,00,00,00,00,
67481001,0000021D,false,Rx,0,8,38,00,00,00,00,00,00,00,
67481200,0000077D,false,Rx,0,3,33,00,00,00,00,00,00,00,
67481401,0000025D,false,Rx,0,8,38,00,00,00,00,00,00,00,
67481526,000007DD,false,Rx,0,1,31,00,00,00,00,00,00,00,
67481724,0000023D,false,Rx,0,4,34,00,00,00,00,00,00,00,
67481923,0000073D,false,Rx,0,8,38,00,00,00,00,00,00,00,
67482203,0000027D,false,Rx,0,8,38,00,00,00,00,00,00,00,
67482405,0000029D,false,Rx,0,4,34,00,00,00,00,00,00,00,
67482530,000002BD,false,Rx,0,4,34,00,00,00,00,00,00,00,
67490029,0000073D,false,Rx,0,8,38,00,00,00,00,00,00,00,
67500076,0000073D,false,Rx,0,8,38,00,00,00,00,00,00,00,
67510044,0000073D,false,Rx,0,8,38,00,00,00,00,00,00,00,
67520053,0000073D,false,Rx,0,8,38,00,00,00,00,00,00,00,
67530065,0000073D,false,Rx,0,8,38,00,00,00,00,00,00,00,
67540034,0000073D,false,Rx,0,8,38,00,00,00,00,00,00,00,
67550089,0000073D,false,Rx,0,8,38,00,00,00,00,00,00,00,
67560072,0000073D,false,Rx,0,8,38,00,00,00,00,00,00,00,
67570066,0000073D,false,Rx,0,8,38,00,00,00,00,00,00,00,
67579846,0000041D,false,Rx,0,1,31,00,00,00,00,00,00,00,
67580044,0000021D,false,Rx,0,8,38,00,00,00,00,00,00,00,
67580245,0000077D,false,Rx,0,3,33,00,00,00,00,00,00,00,
67580451,0000025D,false,Rx,0,8,38,00,00,00,00,00,00,00,
67580568,000007DD,false,Rx,0,1,31,00,00,00,00,00,00,00,
67580766,0000023D,false,Rx,0,4,34,00,00,00,00,00,00,00,
67580965,0000073D,false,Rx,0,8,38,00,00,00,00,00,00,00,
67581246,0000027D,false,Rx,0,8,38,00,00,00,00,00,00,00,
67581452,0000029D,false,Rx,0,4,34,00,00,00,00,00,00,00,
67581651,000002BD,false,Rx,0,4,34,00,00,00,00,00,00,00,
67590053,0000073D,false,Rx,0,8,38,00,00,00,00,00,00,00,
67600018,0000073D,false,Rx,0,8,38,00,00,00,00,00,00,00,
67610074,0000073D,false,Rx,0,8,38,00,00,00,00,00,00,00,
67620068,0000073D,false,Rx,0,8,38,00,00,00,00,00,00,00,
67630325,0000073D,false,Rx,0,8,38,00,00,00,00,00,00,00,
67640053,0000073D,false,Rx,0,8,38,00,00,00,00,00,00,00,
67650100,0000073D,false,Rx,0,8,38,00,00,00,00,00,00,00,
67660074,0000073D,false,Rx,0,8,38,00,00,00,00,00,00,00,
67670044,0000073D,false,Rx,0,8,38,00,00,00,00,00,00,00,
67679969,0000075D,false,Rx,0,8,38,00,00,00,00,00,00,00,
67680168,0000021D,false,Rx,0,8,38,00,00,00,00,00,00,00,
67680289,0000041D,false,Rx,0,1,31,00,00,00,00,00,00,00,
67680627,0000025D,false,Rx,0,8,38,00,00,00,00,00,00,00,
67680746,0000077D,false,Rx,0,3,33,00,00,00,00,00,00,00,
67680864,0000023D,false,Rx,0,4,34,00,00,00,00,00,00,00,
67680981,000007DD,false,Rx,0,1,31,00,00,00,00,00,00,00,
67681264,0000027D,false,Rx,0,8,38,00,00,00,00,00,00,00,
67681464,0000073D,false,Rx,0,8,38,00,00,00,00,00,00,00,
67681662,0000029D,false,Rx,0,4,34,00,00,00,00,00,00,00,
67681861,000002BD,false,Rx,0,4,34,00,00,00,00,00,00,00,
67690025,0000073D,false,Rx,0,8,38,00,00,00,00,00,00,00,
67700077,0000073D,false,Rx,0,8,38,00,00,00,00,00,00,00,
67710043,0000073D,false,Rx,0,8,38,00,00,00,00,00,00,00,
67720047,0000073D,false,Rx,0,8,38,00,00,00,00,00,00,00,
67730110,0000073D,false,Rx,0,8,38,00,00,00,00,00,00,00,
67740014,0000073D,false,Rx,0,8,38,00,00,00,00,00,00,00,
67750065,0000073D,false,Rx,0,8,38,00,00,00,00,00,00,00,
67760048,0000073D,false,Rx,0,8,38,00,00,00,00,00,00,00,
67770104,0000073D,false,Rx,0,8,38,00,00,00,00,00,00,00,
67779854,0000041D,false,Rx,0,1,31,00,00,00,00,00,00,00,
67780053,0000021D,false,Rx,0,8,38,00,00,00,00,00,00,00,
67780254,0000077D,false,Rx,0,3,33,00,00,00,00,00,00,00,
67780460,0000025D,false,Rx,0,8,38,00,00,00,00,00,00,00,
67780577,000007DD,false,Rx,0,1,31,00,00,00,00,00,00,00,
67780776,0000023D,false,Rx,0,4,34,00,00,00,00,00,00,00,
67780974,0000073D,false,Rx,0,8,38,00,00,00,00,00,00,00,
67781257,0000027D,false,Rx,0,8,38,00,00,00,00,00,00,00,
67781464,0000029D,false,Rx,0,4,34,00,00,00,00,00,00,00,
67781663,000002BD,false,Rx,0,4,34,00,00,00,00,00,00,00,
67790053,0000073D,false,Rx,0,8,38,00,00,00,00,00,00,00,
67800101,0000073D,false,Rx,0,8,38,00,00,00,00,00,00,00,
67810072,0000073D,false,Rx,0,8,38,00,00,00,00,00,00,00,
67820066,0000073D,false,Rx,0,8,38,00,00,00,00,00,00,00,
67830075,0000073D,false,Rx,0,8,38,00,00,00,00,00,00,00,
67840069,0000073D,false,Rx,0,8,38,00,00,00,00,00,00,00,
67850034,0000073D,false,Rx,0,8,38,00,00,00,00,00,00,00,
67860090,0000073D,false,Rx,0,8,38,00,00,00,00,00,00,00,
67870061,0000073D,false,Rx,0,8,38,00,00,00,00,00,00,00,
67879968,0000075D,false,Rx,0,8,38,00,00,00,00,00,00,00,
67880254,0000021D,false,Rx,0,8,38,00,00,00,00,00,00,00,
67880371,0000041D,false,Rx,0,1,31,00,00,00,00,00,00,00,
67880578,0000025D,false,Rx,0,8,38,00,00,00,00,00,00,00,
67880776,0000077D,false,Rx,0,3,33,00,00,00,00,00,00,00,
67880893,0000023D,false,Rx,0,4,34,00,00,00,00,00,00,00,
67881010,000007DD,false,Rx,0,1,31,00,00,00,00,00,00,00,
67881292,0000027D,false,Rx,0,8,38,00,00,00,00,00,00,00,
67881498,0000073D,false,Rx,0,8,38,00,00,00,00,00,00,00,
67881697,0000029D,false,Rx,0,4,34,00,00,00,00,00,00,00,
67881896,000002BD,false,Rx,0,4,34,00,00,00,00,00,00,00,
67890074,0000073D,false,Rx,0,8,38,00,00,00,00,00,00,00,
67900044,0000073D,false,Rx,0,8,38,00,00,00,00,00,00,00,
67910091,0000073D,false,Rx,0,8,38,00,00,00,00,00,00,00,
67920059,0000073D,false,Rx,0,8,38,00,00,00,00,00,00,00,
67930052,0000073D,false,Rx,0,8,38,00,00,00,00,00,00,00,
67940090,0000073D,false,Rx,0,8,38,00,00,00,00,00,00,00,
67950061,0000073D,false,Rx,0,8,38,00,00,00,00,00,00,00,
67960046,0000073D,false,Rx,0,8,38,00,00,00,00,00,00,00,
67970099,0000073D,false,Rx,0,8,38,00,00,00,00,00,00,00,
67979851,0000041D,false,Rx,0,1,31,00,00,00,00,00,00,00,
67980131,0000021D,false,Rx,0,8,38,00,00,00,00,00,00,00,
67980254,0000077D,false,Rx,0,3,33,00,00,00,00,00,00,00,
67980542,0000025D,false,Rx,0,8,38,00,00,00,00,00,00,00,
67980659,000007DD,false,Rx,0,1,31,00,00,00,00,00,00,00,
67980776,0000023D,false,Rx,0,4,34,00,00,00,00,00,00,00,
67981055,0000073D,false,Rx,0,8,38,00,00,00,00,00,00,00,
67981257,0000027D,false,Rx,0,8,38,00,00,00,00,00,00,00,
67981463,0000029D,false,Rx,0,4,34,00,00,00,00,00,00,00,
67981662,000002BD,false,Rx,0,4,34,00,00,00,00,00,00,00,
67990048,0000073D,false,Rx,0,8,38,00,00,00,00,00,00,00,
68000095,0000073D,false,Rx,0,8,38,00,00,00,00,00,00,00,
68010065,0000073D,false,Rx,0,8,38,00,00,00,00,00,00,00,
68020114,0000073D,false,Rx,0,8,38,00,00,00,00,00,00,00,
68030029,0000073D,false,Rx,0,8,38,00,00,00,00,00,00,00,
68040110,0000073D,false,Rx,0,8,38,00,00,00,00,00,00,00,
68050080,0000073D,false,Rx,0,8,38,00,00,00,00,00,00,00,
68060053,0000073D,false,Rx,0,8,38,00,00,00,00,00,00,00,
68070046,0000073D,false,Rx,0,8,38,00,00,00,00,00,00,00,
68079965,0000075D,false,Rx,0,8,38,00,00,00,00,00,00,00,
68080247,0000031E,false,Rx,0,8,38,00,00,00,00,00,00,00,
68080365,0000041D,false,Rx,0,1,31,00,00,00,00,00,00,00,
68080572,0000021D,false,Rx,0,8,38,00,00,00,00,00,00,00,
68080771,0000077D,false,Rx,0,3,33,00,00,00,00,00,00,00,
68080970,0000025D,false,Rx,0,8,38,00,00,00,00,00,00,00,
68081087,000007DD,false,Rx,0,1,31,00,00,00,00,00,00,00,
68081287,0000023D,false,Rx,0,4,34,00,00,00,00,00,00,00,
68081494,0000073D,false,Rx,0,8,38,00,00,00,00,00,00,00,
68081774,0000027D,false,Rx,0,8,38,00,00,00,00,00,00,00,
68081974,0000029D,false,Rx,0,4,34,00,00,00,00,00,00,00,
68082091,000002BD,false,Rx,0,4,34,00,00,00,00,00,00,00,
68090100,0000073D,false,Rx,0,8,38,00,00,00,00,00,00,00,
68100065,0000073D,false,Rx,0,8,38,00,00,00,00,00,00,00,
68110114,0000073D,false,Rx,0,8,38,00,00,00,00,00,00,00,
68120080,0000073D,false,Rx,0,8,38,00,00,00,00,00,00,00,
68130090,0000073D,false,Rx,0,8,38,00,00,00,00,00,00,00,
68140099,0000073D,false,Rx,0,8,38,00,00,00,00,00,00,00,
68150075,0000073D,false,Rx,0,8,38,00,00,00,00,00,00,00,
68160056,0000073D,false,Rx,0,8,38,00,00,00,00,00,00,00,
68170107,0000073D,false,Rx,0,8,38,00,00,00,00,00,00,00,
68180014,0000031E,false,Rx,0,8,38,00,00,00,00,00,00,00,
68180132,0000041D,false,Rx,0,1,31,00,00,00,00,00,00,00,
68180332,0000021D,false,Rx,0,8,38,00,00,00,00,00,00,00,
68180537,0000077D,false,Rx,0,3,33,00,00,00,00,00,00,00,
68180736,0000025D,false,Rx,0,8,38,00,00,00,00,00,00,00,
68180853,000007DD,false,Rx,0,1,31,00,00,00,00,00,00,00,
68181051,0000023D,false,Rx,0,4,34,00,00,00,00,00,00,00,
68181254,0000073D,false,Rx,0,8,38,00,00,00,00,00,00,00,
68181535,0000027D,false,Rx,0,8,38,00,00,00,00,00,00,00,
68181734,0000029D,false,Rx,0,4,34,00,00,00,00,00,00,00,
68181851,000002BD,false,Rx,0,4,34,00,00,00,00,00,00,00,
68190064,0000073D,false,Rx,0,8,38,00,00,00,00,00,00,00,
68200117,0000073D,false,Rx,0,8,38,00,00,00,00,00,00,00,
68210087,0000073D,false,Rx,0,8,38,00,00,00,00,00,00,00,
68220058,0000073D,false,Rx,0,8,38,00,00,00,00,00,00,00,
68230110,0000073D,false,Rx,0,8,38,00,00,00,00,00,00,00,
68240048,0000073D,false,Rx,0,8,38,00,00,00,00,00,00,00,
68250095,0000073D,false,Rx,0,8,38,00,00,00,00,00,00,00,
68260114,0000073D,false,Rx,0,8,38,00,00,00,00,00,00,00,
68270080,0000073D,false,Rx,0,8,38,00,00,00,00,00,00,00,
68280025,0000075D,false,Rx,0,8,38,00,00,00,00,00,00,00,
68280224,0000021D,false,Rx,0,8,38,00,00,00,00,00,00,00,
68280342,0000041D,false,Rx,0,1,31,00,00,00,00,00,00,00,
68280631,0000025D,false,Rx,0,8,38,00,00,00,00,00,00,00,
68280749,0000077D,false,Rx,0,3,33,00,00,00,00,00,00,00,
68280947,0000023D,false,Rx,0,4,34,00,00,00,00,00,00,00,
68281064,000007DD,false,Rx,0,1,31,00,00,00,00,00,00,00,
68281265,0000027D,false,Rx,0,8,38,00,00,00,00,00,00,00,
68281554,0000073D,false,Rx,0,8,38,00,00,00,00,00,00,00,
68281671,0000029D,false,Rx,0,4,34,00,00,00,00,00,00,00,
68281870,000002BD,false,Rx,0,4,34,00,00,00,00,00,00,00,
68290833,0000073D,false,Rx,0,8,38,00,00,00,00,00,00,00,
68300065,0000073D,false,Rx,0,8,38,00,00,00,00,00,00,00,
68310115,0000073D,false,Rx,0,8,38,00,00,00,00,00,00,00,
68320118,0000073D,false,Rx,0,8,38,00,00,00,00,00,00,00,
68330091,0000073D,false,Rx,0,8,38,00,00,00,00,00,00,00,
68340111,0000073D,false,Rx,0,8,38,00,00,00,00,00,00,00,
68350107,0000073D,false,Rx,0,8,38,00,00,00,00,00,00,00,
68360093,0000073D,false,Rx,0,8,38,00,00,00,00,00,00,00,
68370060,0000073D,false,Rx,0,8,38,00,00,00,00,00,00,00,
68379886,0000041D,false,Rx,0,1,31,00,00,00,00,00,00,00,
68380085,0000021D,false,Rx,0,8,38,00,00,00,00,00,00,00,
68380285,0000077D,false,Rx,0,3,33,00,00,00,00,00,00,00,
68380492,0000025D,false,Rx,0,8,38,00,00,00,00,00,00,00,
68380609,000007DD,false,Rx,0,1,31,00,00,00,00,00,00,00,
68380808,0000023D,false,Rx,0,4,34,00,00,00,00,00,00,00,
68381006,0000073D,false,Rx,0,8,38,00,00,00,00,00,00,00,
68381289,0000027D,false,Rx,0,8,38,00,00,00,00,00,00,00,
68381496,0000029D,false,Rx,0,4,34,00,00,00,00,00,00,00,
68381613,000002BD,false,Rx,0,4,34,00,00,00,00,00,00,00,
68390096,0000073D,false,Rx,0,8,38,00,00,00,00,00,00,00,
68400053,0000073D,false,Rx,0,8,38,00,00,00,00,00,00,00,
68410100,0000073D,false,Rx,0,8,38,00,00,00,00,00,00,00,
68420065,0000073D,false,Rx,0,8,38,00,00,00,00,00,00,00,
68430115,0000073D,false,Rx,0,8,38,00,00,00,00,00,00,00,
68440118,0000073D,false,Rx,0,8,38,00,00,00,00,00,00,00,
68450065,0000073D,false,Rx,0,8,38,00,00,00,00,00,00,00,
68460115,0000073D,false,Rx,0,8,38,00,00,00,00,00,00,00,
68470080,0000073D,false,Rx,0,8,38,00,00,00,00,00,00,00,
68479999,0000053E,false,Rx,0,8,38,00,00,00,00,00,00,00,
68480198,0000033D,false,Rx,0,8,38,00,00,00,00,00,00,00,
68480317,0000041D,false,Rx,0,1,31,00,00,00,00,00,00,00,
68480524,0000037D,false,Rx,0,7,37,00,00,00,00,00,00,00,
68480804,0000075D,false,Rx,0,8,38,00,00,00,00,00,00,00,
68481002,0000021D,false,Rx,0,8,38,00,00,00,00,00,00,00,
68481201,0000077D,false,Rx,0,3,33,00,00,00,00,00,00,00,
68481402,0000025D,false,Rx,0,8,38,00,00,00,00,00,00,00,
68481527,000007DD,false,Rx,0,1,31,00,00,00,00,00,00,00,
68481726,0000023D,false,Rx,0,4,34,00,00,00,00,00,00,00,
68481924,0000073D,false,Rx,0,8,38,00,00,00,00,00,00,00,
68482204,0000027D,false,Rx,0,8,38,00,00,00,00,00,00,00,
68482404,0000029D,false,Rx,0,4,34,00,00,00,00,00,00,00,
68482612,000002BD,false,Rx,0,4,34,00,00,00,00,00,00,00,
68490036,0000073D,false,Rx,0,8,38,00,00,00,00,00,00,00,
68500125,0000073D,false,Rx,0,8,38,00,00,00,00,00,00,00,
68510091,0000073D,false,Rx,0,8,38,00,00,00,00,00,00,00,
68520060,0000073D,false,Rx,0,8,38,00,00,00,00,00,00,00,
68530107,0000073D,false,Rx,0,8,38,00,00,00,00,00,00,00,
68540110,0000073D,false,Rx,0,8,38,00,00,00,00,00,00,00,
68550104,0000073D,false,Rx,0,8,38,00,00,00,00,00,00,00,
68560097,0000073D,false,Rx,0,8,38,00,00,00,00,00,00,00,
68570099,0000073D,false,Rx,0,8,38,00,00,00,00,00,00,00,
68579851,0000041D,false,Rx,0,1,31,00,00,00,00,00,00,00,
68580131,0000021D,false,Rx,0,8,38,00,00,00,00,00,00,00,
68580251,0000077D,false,Rx,0,3,33,00,00,00,00,00,00,00,
68580533,0000025D,false,Rx,0,8,38,00,00,00,00,00,00,00,
68580649,000007DD,false,Rx,0,1,31,00,00,00,00,00,00,00,
68580766,0000023D,false,Rx,0,4,34,00,00,00,00,00,00,00,
68581047,0000073D,false,Rx,0,8,38,00,00,00,00,00,00,00,
68581334,0000027D,false,Rx,0,8,38,00,00,00,00,00,00,00,
68581458,0000029D,false,Rx,0,4,34,00,00,00,00,00,00,00,
68581656,000002BD,false,Rx,0,4,34,00,00,00,00,00,00,00,
68590140,0000073D,false,Rx,0,8,38,00,00,00,00,00,00,00,
68600124,0000073D,false,Rx,0,8,38,00,00,00,00,00,00,00,
68610096,0000073D,false,Rx,0,8,38,00,00,00,00,00,00,00,
68620069,0000073D,false,Rx,0,8,38,00,00,00,00,00,00,00,
68630115,0000073D,false,Rx,0,8,38,00,00,00,00,00,00,00,
68640080,0000073D,false,Rx,0,8,38,00,00,00,00,00,00,00,
68650120,0000073D,false,Rx,0,8,38,00,00,00,00,00,00,00,
68660084,0000073D,false,Rx,0,8,38,00,00,00,00,00,00,00,
68670052,0000073D,false,Rx,0,8,38,00,00,00,00,00,00,00,
68680049,0000075D,false,Rx,0,8,38,00,00,00,00,00,00,00,
68680254,0000021D,false,Rx,0,8,38,00,00,00,00,00,00,00,
68680371,0000041D,false,Rx,0,1,31,00,00,00,00,00,00,00,
68680578,0000025D,false,Rx,0,8,38,00,00,00,00,00,00,00,
68680776,0000077D,false,Rx,0,3,33,00,00,00,00,00,00,00,
68680974,0000023D,false,Rx,0,4,34,00,00,00,00,00,00,00,
68681091,000007DD,false,Rx,0,1,31,00,00,00,00,00,00,00,
68681292,0000027D,false,Rx,0,8,38,00,00,00,00,00,00,00,
68681580,0000073D,false,Rx,0,8,38,00,00,00,00,00,00,00,
68681698,0000029D,false,Rx,0,4,34,00,00,00,00,00,00,00,
68681895,000002BD,false,Rx,0,4,34,00,00,00,00,00,00,00,
68690134,0000073D,false,Rx,0,8,38,00,00,00,00,00,00,00,
68700143,0000073D,false,Rx,0,8,38,00,00,00,00,00,00,00,
68710110,0000073D,false,Rx,0,8,38,00,00,00,00,00,00,00,
68720084,0000073D,false,Rx,0,8,38,00,00,00,00,00,00,00,
68730134,0000073D,false,Rx,0,8,38,00,00,00,00,00,00,00,
68740107,0000073D,false,Rx,0,8,38,00,00,00,00,00,00,00,
68750142,0000073D,false,Rx,0,8,38,00,00,00,00,00,00,00,
68760128,0000073D,false,Rx,0,8,38,00,00,00,00,00,00,00,
68770095,0000073D,false,Rx,0,8,38,00,00,00,00,00,00,00,
68779850,0000041D,false,Rx,0,1,31,00,00,00,00,00,00,00,
68780131,0000021D,false,Rx,0,8,38,00,00,00,00,00,00,00,
68780250,0000077D,false,Rx,0,3,33,00,00,00,00,00,00,00,
68780536,0000025D,false,Rx,0,8,38,00,00,00,00,00,00,00,
68780654,000007DD,false,Rx,0,1,31,00,00,00,00,00,00,00,
68780770,0000023D,false,Rx,0,4,34,00,00,00,00,00,00,00,
68781051,0000073D,false,Rx,0,8,38,00,00,00,00,00,00,00,
68781339,0000027D,false,Rx,0,8,38,00,00,00,00,00,00,00,
68781463,0000029D,false,Rx,0,4,34,00,00,00,00,00,00,00,
68781662,000002BD,false,Rx,0,4,34,00,00,00,00,00,00,00,
68790146,0000073D,false,Rx,0,8,38,00,00,00,00,00,00,00,
68800101,0000073D,false,Rx,0,8,38,00,00,00,00,00,00,00,
68810071,0000073D,false,Rx,0,8,38,00,00,00,00,00,00,00,
68820066,0000073D,false,Rx,0,8,38,00,00,00,00,00,00,00,
68830115,0000073D,false,Rx,0,8,38,00,00,00,00,00,00,00,
68840090,0000073D,false,Rx,0,8,38,00,00,00,00,00,00,00,
68850113,0000073D,false,Rx,0,8,38,00,00,00,00,00,00,00,
68860083,0000073D,false,Rx,0,8,38,00,00,00,00,00,00,00,
68870146,0000073D,false,Rx,0,8,38,00,00,00,00,00,00,00,
68879986,0000075D,false,Rx,0,8,38,00,00,00,00,00,00,00,
68880272,0000021D,false,Rx,0,8,38,00,00,00,00,00,00,00,
68880390,0000041D,false,Rx,0,1,31,00,00,00,00,00,00,00,
68880597,0000025D,false,Rx,0,8,38,00,00,00,00,00,00,00,
68880796,0000077D,false,Rx,0,3,33,00,00,00,00,00,00,00,
68880913,0000023D,false,Rx,0,4,34,00,00,00,00,00,00,00,
68881030,000007DD,false,Rx,0,1,31,00,00,00,00,00,00,00,
68881311,0000027D,false,Rx,0,8,38,00,00,00,00,00,00,00,
68881600,0000073D,false,Rx,0,8,38,00,00,00,00,00,00,00,
68881717,0000029D,false,Rx,0,4,34,00,00,00,00,00,00,00,
68881916,000002BD,false,Rx,0,4,34,00,00,00,00,00,00,00,
68890080,0000073D,false,Rx,0,8,38,00,00,00,00,00,00,00,
68900154,0000073D,false,Rx,0,8,38,00,00,00,00,00,00,00,
68910125,0000073D,false,Rx,0,8,38,00,00,00,00,00,00,00,
68920092,0000073D,false,Rx,0,8,38,00,00,00,00,00,00,00,
68930059,0000073D,false,Rx,0,8,38,00,00,00,00,00,00,00,
68940106,0000073D,false,Rx,0,8,38,00,00,00,00,00,00,00,
68950145,0000073D,false,Rx,0,8,38,00,00,00,00,00,00,00,
68960081,0000073D,false,Rx,0,8,38,00,00,00,00,00,00,00,
68970135,0000073D,false,Rx,0,8,38,00,00,00,00,00,00,00,
68979883,0000041D,false,Rx,0,1,31,00,00,00,00,00,00,00,
68980164,0000021D,false,Rx,0,8,38,00,00,00,00,00,00,00,
68980286,0000077D,false,Rx,0,3,33,00,00,00,00,00,00,00,
68980573,0000025D,false,Rx,0,8,38,00,00,00,00,00,00,00,
68980689,000007DD,false,Rx,0,1,31,00,00,00,00,00,00,00,
68980806,0000023D,false,Rx,0,4,34,00,00,00,00,00,00,00,
68981087,0000073D,false,Rx,0,8,38,00,00,00,00,00,00,00,
68981289,0000027D,false,Rx,0,8,38,00,00,00,00,00,00,00,
68981495,0000029D,false,Rx,0,4,34,00,00,00,00,00,00,00,
68981693,000002BD,false,Rx,0,4,34,00,00,00,00,00,00,00,
68990105,0000073D,false,Rx,0,8,38,00,00,00,00,00,00,00,
69000074,0000073D,false,Rx,0,8,38,00,00,00,00,00,00,00,
69010140,0000073D,false,Rx,0,8,38,00,00,00,00,00,00,00,
69020106,0000073D,false,Rx,0,8,38,00,00,00,00,00,00,00,
69030075,0000073D,false,Rx,0,8,38,00,00,00,00,00,00,00,
69040125,0000073D,false,Rx,0,8,38,00,00,00,00,00,00,00,
69050117,0000073D,false,Rx,0,8,38,00,00,00,00,00,00,00,
69060125,0000073D,false,Rx,0,8,38,00,00,00,00,00,00,00,
69070121,0000073D,false,Rx,0,8,38,00,00,00,00,00,00,00,
69080032,0000075D,false,Rx,0,8,38,00,00,00,00,00,00,00,
69080231,0000031E,false,Rx,0,8,38,00,00,00,00,00,00,00,
69080349,0000041D,false,Rx,0,1,31,00,00,00,00,00,00,00,
69080638,0000021D,false,Rx,0,8,38,00,00,00,00,00,00,00,
69080755,0000077D,false,Rx,0,3,33,00,00,00,00,00,00,00,
69081036,0000025D,false,Rx,0,8,38,00,00,00,00,00,00,00,
69081153,000007DD,false,Rx,0,1,31,00,00,00,00,00,00,00,
69081275,0000023D,false,Rx,0,4,34,00,00,00,00,00,00,00,
69081563,0000073D,false,Rx,0,8,38,00,00,00,00,00,00,00,
69081842,0000027D,false,Rx,0,8,38,00,00,00,00,00,00,00,
69081960,0000029D,false,Rx,0,4,34,00,00,00,00,00,00,00,
69082158,000002BD,false,Rx,0,4,34,00,00,00,00,00,00,00,
69090074,0000073D,false,Rx,0,8,38,00,00,00,00,00,00,00,
69100125,0000073D,false,Rx,0,8,38,00,00,00,00,00,00,00,
69110113,0000073D,false,Rx,0,8,38,00,00,00,00,00,00,00,
69120079,0000073D,false,Rx,0,8,38,00,00,00,00,00,00,00,
69130130,0000073D,false,Rx,0,8,38,00,00,00,00,00,00,00,
69140099,0000073D,false,Rx,0,8,38,00,00,00,00,00,00,00,
69150074,0000073D,false,Rx,0,8,38,00,00,00,00,00,00,00,
69160124,0000073D,false,Rx,0,8,38,00,00,00,00,00,00,00,
69170116,0000073D,false,Rx,0,8,38,00,00,00,00,00,00,00,
69180025,0000031E,false,Rx,0,8,38,00,00,00,00,00,00,00,
69180142,0000041D,false,Rx,0,1,31,00,00,00,00,00,00,00,
69180342,0000021D,false,Rx,0,8,38,00,00,00,00,00,00,00,
69180548,0000077D,false,Rx,0,3,33,00,00,00,00,00,00,00,
69180747,0000025D,false,Rx,0,8,38,00,00,00,00,00,00,00,
69180864,000007DD,false,Rx,0,1,31,00,00,00,00,00,00,00,
69181063,0000023D,false,Rx,0,4,34,00,00,00,00,00,00,00,
69181264,0000073D,false,Rx,0,8,38,00,00,00,00,00,00,00,
69181552,0000027D,false,Rx,0,8,38,00,00,00,00,00,00,00,
69181751,0000029D,false,Rx,0,4,34,00,00,00,00,00,00,00,
69181950,000002BD,false,Rx,0,4,34,00,00,00,00,00,00,00,
69190133,0000073D,false,Rx,0,8,38,00,00,00,00,00,00,00,
69200107,0000073D,false,Rx,0,8,38,00,00,00,00,00,00,00,
69210091,0000073D,false,Rx,0,8,38,00,00,00,00,00,00,00,
69220084,0000073D,false,Rx,0,8,38,00,00,00,00,00,00,00,
69230135,0000073D,false,Rx,0,8,38,00,00,00,00,00,00,00,
69240099,0000073D,false,Rx,0,8,38,00,00,00,00,00,00,00,
69250074,0000073D,false,Rx,0,8,38,00,00,00,00,00,00,00,
69260076,0000073D,false,Rx,0,8,38,00,00,00,00,00,00,00,
69270141,0000073D,false,Rx,0,8,38,00,00,00,00,00,00,00,
69280003,0000075D,false,Rx,0,8,38,00,00,00,00,00,00,00,
69280285,0000021D,false,Rx,0,8,38,00,00,00,00,00,00,00,
69280402,0000041D,false,Rx,0,1,31,00,00,00,00,00,00,00,
69280609,0000025D,false,Rx,0,8,38,00,00,00,00,00,00,00,
69280807,0000077D,false,Rx,0,3,33,00,00,00,00,00,00,00,
69280925,0000023D,false,Rx,0,4,34,00,00,00,00,00,00,00,
69281042,000007DD,false,Rx,0,1,31,00,00,00,00,00,00,00,
69281324,0000027D,false,Rx,0,8,38,00,00,00,00,00,00,00,
69281530,0000073D,false,Rx,0,8,38,00,00,00,00,00,00,00,
69281729,0000029D,false,Rx,0,4,34,00,00,00,00,00,00,00,
69281928,000002BD,false,Rx,0,4,34,00,00,00,00,00,00,00,
69290091,0000073D,false,Rx,0,8,38,00,00,00,00,00,00,00,
69300141,0000073D,false,Rx,0,8,38,00,00,00,00,00,00,00,
69310128,0000073D,false,Rx,0,8,38,00,00,00,00,00,00,00,
69320126,0000073D,false,Rx,0,8,38,00,00,00,00,00,00,00,
69330096,0000073D,false,Rx,0,8,38,00,00,00,00,00,00,00,
69340146,0000073D,false,Rx,0,8,38,00,00,00,00,00,00,00,
69350114,0000073D,false,Rx,0,8,38,00,00,00,00,00,00,00,
69360158,0000073D,false,Rx,0,8,38,00,00,00,00,00,00,00,
69370140,0000073D,false,Rx,0,8,38,00,00,00,00,00,00,00,
69379886,0000041D,false,Rx,0,1,31,00,00,00,00,00,00,00,
69380167,0000021D,false,Rx,0,8,38,00,00,00,00,00,00,00,
69380289,0000077D,false,Rx,0,3,33,00,00,00,00,00,00,00,
69380495,0000025D,false,Rx,0,8,38,00,00,00,00,00,00,00,
69380612,000007DD,false,Rx,0,1,31,00,00,00,00,00,00,00,
69380811,0000023D,false,Rx,0,4,34,00,00,00,00,00,00,00,
69381091,0000073D,false,Rx,0,8,38,00,00,00,00,00,00,00,
69381292,0000027D,false,Rx,0,8,38,00,00,00,00,00,00,00,
69381497,0000029D,false,Rx,0,4,34,00,00,00,00,00,00,00,
69381696,000002BD,false,Rx,0,4,34,00,00,00,00,00,00,00,
69390106,0000073D,false,Rx,0,8,38,00,00,00,00,00,00,00,
69400156,0000073D,false,Rx,0,8,38,00,00,00,00,00,00,00,
69410099,0000073D,false,Rx,0,8,38,00,00,00,00,00,00,00,
69420155,0000073D,false,Rx,0,8,38,00,00,00,00,00,00,00,
69430125,0000073D,false,Rx,0,8,38,00,00,00,00,00,00,00,
69440091,0000073D,false,Rx,0,8,38,00,00,00,00,00,00,00,
69450141,0000073D,false,Rx,0,8,38,00,00,00,00,00,00,00,
69460154,0000073D,false,Rx,0,8,38,00,00,00,00,00,00,00,
69470157,0000073D,false,Rx,0,8,38,00,00,00,00,00,00,00,
69480065,0000053E,false,Rx,0,8,38,00,00,00,00,00,00,00,
69480266,0000033D,false,Rx,0,8,38,00,00,00,00,00,00,00,
69480384,0000041D,false,Rx,0,1,31,00,00,00,00,00,00,00,
69480591,0000037D,false,Rx,0,7,37,00,00,00,00,00,00,00,
69480872,0000075D,false,Rx,0,8,38,00,00,00,00,00,00,00,
69481071,0000021D,false,Rx,0,8,38,00,00,00,00,00,00,00,
69481272,0000077D,false,Rx,0,3,33,00,00,00,00,00,00,00,
69481480,0000025D,false,Rx,0,8,38,00,00,00,00,00,00,00,
69481597,000007DD,false,Rx,0,1,31,00,00,00,00,00,00,00,
69481796,0000023D,false,Rx,0,4,34,00,00,00,00,00,00,00,
69481995,0000073D,false,Rx,0,8,38,00,00,00,00,00,00,00,
69482278,0000027D,false,Rx,0,8,38,00,00,00,00,00,00,00,
69482396,0000029D,false,Rx,0,4,34,00,00,00,00,00,00,00,
69482602,000002BD,false,Rx,0,4,34,00,00,00,00,00,00,00,
69490106,0000073D,false,Rx,0,8,38,00,00,00,00,00,00,00,
69500157,0000073D,false,Rx,0,8,38,00,00,00,00,00,00,00,
69510156,0000073D,false,Rx,0,8,38,00,00,00,00,00,00,00,
69520120,0000073D,false,Rx,0,8,38,00,00,00,00,00,00,00,
69530172,0000073D,false,Rx,0,8,38,00,00,00,00,00,00,00,
69540141,0000073D,false,Rx,0,8,38,00,00,00,00,00,00,00,
69550109,0000073D,false,Rx,0,8,38,00,00,00,00,00,00,00,
69560116,0000073D,false,Rx,0,8,38,00,00,00,00,00,00,00,
69570164,0000073D,false,Rx,0,8,38,00,00,00,00,00,00,00,
69579907,0000041D,false,Rx,0,1,31,00,00,00,00,00,00,00,
69580187,0000021D,false,Rx,0,8,38,00,00,00,00,00,00,00,
69580307,0000077D,false,Rx,0,3,33,00,00,00,00,00,00,00,
69580513,0000025D,false,Rx,0,8,38,00,00,00,00,00,00,00,
69580630,000007DD,false,Rx,0,1,31,00,00,00,00,00,00,00,
69580829,0000023D,false,Rx,0,4,34,00,00,00,00,00,00,00,
69581108,0000073D,false,Rx,0,8,38,00,00,00,00,00,00,00,
69581311,0000027D,false,Rx,0,8,38,00,00,00,00,00,00,00,
69581517,0000029D,false,Rx,0,4,34,00,00,00,00,00,00,00,
69581716,000002BD,false,Rx,0,4,34,00,00,00,00,00,00,00,
69590120,0000073D,false,Rx,0,8,38,00,00,00,00,00,00,00,
69600171,0000073D,false,Rx,0,8,38,00,00,00,00,00,00,00,
69611120,0000073D,false,Rx,0,8,38,00,00,00,00,00,00,00,
69620106,0000073D,false,Rx,0,8,38,00,00,00,00,00,00,00,
69630157,0000073D,false,Rx,0,8,38,00,00,00,00,00,00,00,
69640128,0000073D,false,Rx,0,8,38,00,00,00,00,00,00,00,
69650180,0000073D,false,Rx,0,8,38,00,00,00,00,00,00,00,
69654238,0000050E,false,Rx,0,8,38,00,00,00,00,00,00,00,
69660105,0000073D,false,Rx,0,8,38,00,00,00,00,00,00,00,
69670160,0000073D,false,Rx,0,8,38,00,00,00,00,00,00,00,
69680075,0000075D,false,Rx,0,8,38,00,00,00,00,00,00,00,
69680280,0000021D,false,Rx,0,8,38,00,00,00,00,00,00,00,
69680397,0000041D,false,Rx,0,1,31,00,00,00,00,00,00,00,
69680685,0000025D,false,Rx,0,8,38,00,00,00,00,00,00,00,
69680803,0000077D,false,Rx,0,3,33,00,00,00,00,00,00,00,
69681001,0000023D,false,Rx,0,4,34,00,00,00,00,00,00,00,
69681118,000007DD,false,Rx,0,1,31,00,00,00,00,00,00,00,
69681318,0000027D,false,Rx,0,8,38,00,00,00,00,00,00,00,
69681607,0000073D,false,Rx,0,8,38,00,00,00,00,00,00,00,
69681805,0000029D,false,Rx,0,4,34,00,00,00,00,00,00,00,
69681922,000002BD,false,Rx,0,4,34,00,00,00,00,00,00,00,
69690161,0000073D,false,Rx,0,8,38,00,00,00,00,00,00,00,
69700130,0000073D,false,Rx,0,8,38,00,00,00,00,00,00,00,
69710106,0000073D,false,Rx,0,8,38,00,00,00,00,00,00,00,
69720171,0000073D,false,Rx,0,8,38,00,00,00,00,00,00,00,
69730161,0000073D,false,Rx,0,8,38,00,00,00,00,00,00,00,
69740130,0000073D,false,Rx,0,8,38,00,00,00,00,00,00,00,
69750100,0000073D,false,Rx,0,8,38,00,00,00,00,00,00,00,
69760169,0000073D,false,Rx,0,8,38,00,00,00,00,00,00,00,
69770110,0000073D,false,Rx,0,8,38,00,00,00,00,00,00,00,
69779950,0000041D,false,Rx,0,1,31,00,00,00,00,00,00,00,
69780149,0000021D,false,Rx,0,8,38,00,00,00,00,00,00,00,
69780350,0000077D,false,Rx,0,3,33,00,00,00,00,00,00,00,
69780556,0000025D,false,Rx,0,8,38,00,00,00,00,00,00,00,
69780673,000007DD,false,Rx,0,1,31,00,00,00,00,00,00,00,
69780872,0000023D,false,Rx,0,4,34,00,00,00,00,00,00,00,
69781070,0000073D,false,Rx,0,8,38,00,00,00,00,00,00,00,
69781353,0000027D,false,Rx,0,8,38,00,00,00,00,00,00,00,
69781559,0000029D,false,Rx,0,4,34,00,00,00,00,00,00,00,
69781676,000002BD,false,Rx,0,4,34,00,00,00,00,00,00,00,
69790165,0000073D,false,Rx,0,8,38,00,00,00,00,00,00,00,
69800133,0000073D,false,Rx,0,8,38,00,00,00,00,00,00,00,
69810101,0000073D,false,Rx,0,8,38,00,00,00,00,00,00,00,
69820169,0000073D,false,Rx,0,8,38,00,00,00,00,00,00,00,
69830141,0000073D,false,Rx,0,8,38,00,00,00,00,00,00,00,
69840114,0000073D,false,Rx,0,8,38,00,00,00,00,00,00,00,
69850164,0000073D,false,Rx,0,8,38,00,00,00,00,00,00,00,
69860130,0000073D,false,Rx,0,8,38,00,00,00,00,00,00,00,
69870151,0000073D,false,Rx,0,8,38,00,00,00,00,00,00,00,
69880075,0000075D,false,Rx,0,8,38,00,00,00,00,00,00,00,
69880276,0000021D,false,Rx,0,8,38,00,00,00,00,00,00,00,
69880393,0000041D,false,Rx,0,1,31,00,00,00,00,00,00,00,
69880682,0000025D,false,Rx,0,8,38,00,00,00,00,00,00,00,
69880799,0000077D,false,Rx,0,3,33,00,00,00,00,00,00,00,
69880998,0000023D,false,Rx,0,4,34,00,00,00,00,00,00,00,
69881114,000007DD,false,Rx,0,1,31,00,00,00,00,00,00,00,
69881315,0000027D,false,Rx,0,8,38,00,00,00,00,00,00,00,
69881603,0000073D,false,Rx,0,8,38,00,00,00,00,00,00,00,
69881802,0000029D,false,Rx,0,4,34,00,00,00,00,00,00,00,
69881919,000002BD,false,Rx,0,4,34,00,00,00,00,00,00,00,
69890162,0000073D,false,Rx,0,8,38,00,00,00,00,00,00,00,
69900130,0000073D,false,Rx,0,8,38,00,00,00,00,00,00,00,
69910183,0000073D,false,Rx,0,8,38,00,00,00,00,00,00,00,
69920170,0000073D,false,Rx,0,8,38,00,00,00,00,00,00,00,
69930141,0000073D,false,Rx,0,8,38,00,00,00,00,00,00,00,
69940191,0000073D,false,Rx,0,8,38,00,00,00,00,00,00,00,
69950162,0000073D,false,Rx,0,8,38,00,00,00,00,00,00,00,
69960147,0000073D,false,Rx,0,8,38,00,00,00,00,00,00,00,
69970143,0000073D,false,Rx,0,8,38,00,00,00,00,00,00,00,
69979916,0000041D,false,Rx,0,1,31,00,00,00,00,00,00,00,
69980207,0000021D,false,Rx,0,8,38,00,00,00,00,00,00,00,
69980334,0000077D,false,Rx,0,3,33,00,00,00,00,00,00,00,
69980621,0000025D,false,Rx,0,8,38,00,00,00,00,00,00,00,
69980737,000007DD,false,Rx,0,1,31,00,00,00,00,00,00,00,
69980858,0000023D,false,Rx,0,4,34,00,00,00,00,00,00,00,
69981144,0000073D,false,Rx,0,8,38,00,00,00,00,00,00,00,
69981345,0000027D,false,Rx,0,8,38,00,00,00,00,00,00,00,
69981552,0000029D,false,Rx,0,4,34,00,00,00,00,00,00,00,
69981751,000002BD,false,Rx,0,4,34,00,00,00,00,00,00,00,
69990402,0000073D,false,Rx,0,8,38,00,00,00,00,00,00,00,
70000371,0000073D,false,Rx,0,8,38,00,00,00,00,00,00,00,
70010172,0000073D,false,Rx,0,8,38,00,00,00,00,00,00,00,
70020125,0000073D,false,Rx,0,8,38,00,00,00,00,00,00,00,
70030090,0000073D,false,Rx,0,8,38,00,00,00,00,00,00,00,
70040141,0000073D,false,Rx,0,8,38,00,00,00,00,00,00,00,
70050109,0000073D,false,Rx,0,8,38,00,00,00,00,00,00,00,
70060162,0000073D,false,Rx,0,8,38,00,00,00,00,00,00,00,
70070107,0000073D,false,Rx,0,8,38,00,00,00,00,00,00,00,
70080053,0000050E,false,Rx,0,8,38,00,00,00,00,00,00,00,
